Song Title,Verse Start
"1, 2, 3, 4",1:36
20 Dollarz,1:52
2012 (It Ain't the End),1:16
5 Star Bitch (Remix),2:11
All I Do Is Win (Remix),2:40
Animales,1:24
Bang Bang,1:44
Beauty and a Beat,2:29
BedRock,1:31
Bitch I'm Madonna,2:27
Born Stunna (Remix),0:56
Bottoms Up,2:25
Clappers,3:21
Coca Coca,7:42
Dance (A$$) (Remix),1:24
Dang a Lang,2:01
Dark Fantasy,0:00
Datz Wuzup,0:41
Entertainment 2.0,2:06
Everywhere We Go,1:05
Flawless Remix,2:19
Freaks,1:12
Get It All,1:06
Get Like Me,1:26
Get Low,1:17
Get wit It,1:43
Girl on Fire (Inferno Version),2:52
Give It All To Me,0:59
Give Me all Your Luvin',2:02
Grindin' Making Money,2:28
Haterade,1:53
Hello Good Morning (Remix),1:32
Hey Mama,0:00
I Ain't Thru,1:21
I Don't Give A,2:18
I Luv Dem Strippers,2:19
I Wanna Be with You,0:31
I'm Out,0:13
In My Head (Remix),1:09
Knock Out,2:12
La Dee Da Dee (We Like 2 Party),2:28
Lay It Down,2:38
Letting Go (Dutty Love),2:29
Lil Freak,1:58
Livin' It Up,2:15
Lollipop Luxury,2:41
Lookin' at Me,0:50
Love More,2:08
Low,1:27
Make Me Proud,1:27
MILF,2:33
Monster,3:35
Muthafucka Up,1:48
My Chick Bad,2:16
My Nigga (Remix),2:38
No Flex Zone (Remix),1:52
No Love (Remix),3:21
Out of My Mind,1:15
Ponytail,2:32
Raining Men,1:27
Rich Friday,2:03
Roger That,0:24
Senile,1:00
Sex in Crazy Places,2:34
Shakin' It 4 Daddy,2:11
She Came to Give It to You,2:17
So Bad,2:02
Somebody Else,2:39
Stilettos & T-Shirt,2:44
Take It to the Head,1:54
Tapout,2:56
The Creep,1:36
Throw Sum Mo,0:00
Till the World Ends (The Femme Fatale Remix),0:31
Tonight I'm Getting Over You (Remix),2:39
"Touchin, Lovin",2:33
True Colors,2:21
Turn Me On,0:15
Twerk It,2:01
Ucci Ucci,1:23
Up All Night,1:14
What's Wrong with Them,0:50
Where Them Girls At,1:30
Woohoo,2:52
Y.U. Mad,0:13
YM Salute,2:39
You the Boss,0:28
Affirmative Action,2:08
All About the Benjamins,3:11
Always Love You,0:41
Automatic (Teairra Mari song),2:26
Batman,1:21
Big Bidness,1:21
Birds,
Born to Be Wild,2:16
Break Up (Remix),1:58
Chocolate Legs (Remix),2:47
Cupid's Got a Gun,0:49
Danger Zone,2:16
Danny Glover (Remix),1:54
Diamonds on My Neck,2:18
Do You Like It (Freak Shit),
Don't Mess With,
Dope Dealer,1:35
Dopeman,0:11
Failure (Pussy Nigga),2:00
Fireball,1:59
For the Money,1:53
Fuck U Silly,0:00
Get Low 4 Me (Remix),0:13
Gimmie Money,1:46
Girls Kissing Girls,1:35
Hands Up,1:21
Hold Yuh (Remix),0:28
I B On Dat,2:11
I Bought That,1:49
I Love You,0:06
I Might,2:26
Kiss My Ass,1:12
Make It Last Forever (Remix),0:04
Mean Walk,1:47
Mercy,0:43
Million Dolla Baby,0:52
Minaj et Trois,1:30
Money Ain't a Thang,
Monstar Biz,
Never Really Mattered,0:43
New York Minute (Remix),1:23
Not at All,0:04
Old Enough (Remix),1:59
One Night Only (Remix),2:47
Pamper Me,2:36
Rock Star,0:47
She Likes Me,1:19
Strippin in the Club,1:36
Supa Hot,1:27
Sweet Dreams (Remix),1:19
T.E.M.P.O.,1:52
Take It Off,2:27
Take That,
Teqkilla (Lost My Fone Out with Nicki Minaj Remix),2:09
Thinking,0:19
Thinking to Myself (Her Eyes),3:45
Up Out My Face,0:23
Wanna Balla,0:40
Watch What You Say,2:24
We Are,
Where's Wayne?,2:36
Who Runs This?,1:53
Xcellent,0:44
